name,colour_code,pigment_code,group
Cadmium Yellow Medium Hue,830,"PY74,PY83",yellow-orange
Cadmium Yellow Deep Hue,163,"PW6,PY83",yellow-orange
Vivid Red Orange,620,"PO73,PY139",yellow-orange
Cadmium Red Light Hue,510,"PR9,PY74",yellow-orange
Cadmium Red Medium Hue,151,"PR170,PR9",red
Cadmium Red Deep Hue,311,"PR170,PV19",red
Alizarin Crimson Hue Permanent,116,"DPP,PR179,PR202",red
Light Pink,810,"PO36,PR188,PW6",red
Rose Pink,48,"PR122,PR188,PW6",red
Medium Magenta,500,"PR122,PW6",red
Brilliant Purple,590,"PV23RS,PW6",violet
Deep Violet,115,"PR122,PV23RS",violet
Prism Violet,391,"PR122,PV23RS",violet
Purple Gray,263,"PR188,PV23RS,PW6",violet
Light Blue Violet,680,"PB29,PV23RS,PW6",violet
Prussian Blue Hue,320,"PB15:3,PBK7,PV23RS",blue
Cobalt Blue Hue,381,"PB15:3,PB29,PW6",blue
Cerulean Blue Hue,470,"PB15:3,PB29,PG7,PW6",blue
Brilliant Blue,570,"PB15:3,PG7,PW6",blue
Light Blue Permanent,770,"PB15:3,PG7,PW6",blue
Turquoise Blue,46,"PB15:3,PG7,PW6",blue
Blue Gray,142,"PB15:3,PB29,PBK7,PW6",blue
Bright Aqua Green,660,"PG7,PW6",green
Hooker's Green Hue Permanent,224,"PBK9,PG7,PY74",green
Green Deep Permanent,350,"PBK7,PG36",green
Light Green Permanent,312,"PG7,PW6,PY74",green
Light Olive Green,218,"PG7,PW6,PY42,PY74",green
Lime Green,222,"PG7,PW6,PY74",green
Brilliant Yellow Green,840,"PG7,PW6,PY3,PY74",green
Green Gray,205,"PB29,PW6,PY42",neutral
Naples Yellow Hue,601,"PW6,PY42,PY83",neutral
Bronze Yellow,530,"PBK11,PR101,PY42",earth
Raw Sienna,330,"PBK9,PR101,PY42",earth
Red Oxide,335,"PR101,PY42",earth
Burnt Sienna,127,"PBK9,PR101",earth
Raw Umber,331,"PB29,PO73,PY139",earth
Burnt Umber,128,"PB29,PBK9,PR101",earth
Unbleached Titanium,434,"PBK11,PR101,PW6,PY42",earth
Parchment,436,"PBK7,PG7,PW6,PY42",neutral
Neutral Gray 5,599,"PBK9,PW6,PY42",neutral
Payne's Gray,310,"PB29,PBK9,PR122",neutral
