name,page_url,image_url,sku,colour_code,lightfastness,opacity,series,pigment_code
Cadmium Yellow Light Hue,https://www.liquitex.com/en-row/products/basics-acrylic-color-cadmium-yellow-light-hue,https://www.liquitex.com/cdn/shop/files/140824.jpg,094376975192,159,Very Good,Semi-Opaque,1,PY3
Transparent Yellow,https://www.liquitex.com/en-row/products/basics-acrylic-color-transparent-yellow,https://www.liquitex.com/cdn/shop/files/140875.jpg,887452030799,45,Excellent,Transparent,1,PY128
Primary Yellow,https://www.liquitex.com/en-row/products/basics-acrylic-color-primary-yellow,https://www.liquitex.com/cdn/shop/files/140861_406e6235-ad98-4bdf-9369-546100e5a6b8.jpg,094376975437,410,Excellent,Semi-Opaque,1,PY74
Cadmium Orange Hue,https://www.liquitex.com/en-row/products/basics-acrylic-color-cadmium-orange-hue,https://www.liquitex.com/cdn/shop/files/140819.jpg,094376975147,720,Excellent,Semi-Opaque,1,PO73
Pyrrole Red,https://www.liquitex.com/en-row/products/basics-acrylic-color-pyrrole-red,https://www.liquitex.com/cdn/shop/files/140865.jpg,887452030782,321,Excellent,Opaque,1,PR254
Naphthol Crimson,https://www.liquitex.com/en-row/products/basics-acrylic-color-naphthol-crimson,https://www.liquitex.com/cdn/shop/files/140852.jpg,094376975369,292,Very Good,Semi-Opaque,1,PR170
Transparent Red,https://www.liquitex.com/en-row/products/basics-acrylic-color-transparent-red,https://www.liquitex.com/cdn/shop/files/140874.jpg,887452030775,47,Excellent,Transparent,1,PR209
Primary Red,https://www.liquitex.com/en-row/products/basics-acrylic-color-primary-red,https://www.liquitex.com/cdn/shop/files/140860_e4023c84-42a3-4bd7-aaac-c23c27334004.jpg,094376975420,415,Excellent,Semi-Opaque,1,PV19
Quinacridone Magenta,https://www.liquitex.com/en-row/products/basics-acrylic-color-quinacridone-magenta,https://www.liquitex.com/cdn/shop/files/140866_c7594e81-23ae-4ee9-a063-87f5e3bd3813.jpg,094376975451,114,Excellent,Semi-Opaque,1,PR122
Dioxazine Purple,https://www.liquitex.com/en-row/products/basics-acrylic-color-dioxazine-purple,https://www.liquitex.com/cdn/shop/files/140830.jpg,094376975260,186,Very Good,Semi-Opaque,1,PV23RS
Ultramarine Blue,https://www.liquitex.com/en-row/products/basics-acrylic-color-ultramarine-blue,https://www.liquitex.com/cdn/shop/files/140877.jpg,094376922493,380,Excellent,Semi-Opaque,1,PB29
Phthalocyanine Blue,https://www.liquitex.com/en-row/products/basics-acrylic-color-phthalocyanine-blue,https://www.liquitex.com/cdn/shop/files/140857_c7d28f84-9b54-4bdb-9f01-2053a1f60182.jpg,094376975390,316,Excellent,Opaque,1,PB15:3
Primary Blue,https://www.liquitex.com/en-row/products/basics-acrylic-color-primary-blue,https://www.liquitex.com/cdn/shop/files/140859_9c03bb94-0568-40df-af67-26aabbc0ae15.jpg,094376975413,420,Excellent,Semi-Opaque,1,PB15:3
Phthalocyanine Green,https://www.liquitex.com/en-row/products/basics-acrylic-color-phthalocyanine-green,https://www.liquitex.com/cdn/shop/files/140858_57cfe388-2864-4229-9a9e-f96e78976a62.jpg,094376975406,317,Excellent,Semi-Opaque,1,PG7
Yellow Oxide,https://www.liquitex.com/en-row/products/basics-acrylic-color-yellow-oxide,https://www.liquitex.com/cdn/shop/files/140880.jpg,094376975536,416,Excellent,Opaque,1,PY42
Transparent Mixing White,https://www.liquitex.com/en-row/products/basics-acrylic-color-transparent-mixing-white,https://www.liquitex.com/cdn/shop/files/140873.jpg,887452030768,430,Excellent,Transparent,1,PW6
Titanium White,https://www.liquitex.com/en-row/products/basics-acrylic-color-titanium-white,https://www.liquitex.com/cdn/shop/files/140872.jpg,094376975505,432,Excellent,Opaque,1,PW6
Ivory Black,https://www.liquitex.com/en-row/products/basics-acrylic-color-ivory-black,https://www.liquitex.com/cdn/shop/files/140843_f487c35a-04a0-48ff-a5a5-c514f15968be.jpg,094376975291,244,Excellent,Opaque,1,PBk9
Mars Black,https://www.liquitex.com/en-row/products/basics-acrylic-color-mars-black,https://www.liquitex.com/cdn/shop/files/140850.jpg,094376975345,276,Excellent,Opaque,1,PBk11
