name,page_url,image_url,sku,colour_code,lightfastness,opacity,series,pigment_code
Basics Acrylic Color Cadmium Yellow Light Hue,https://www.liquitex.com/en-row/products/basics-acrylic-color-cadmium-yellow-light-hue,https://www.liquitex.com/cdn/shop/files/140824.jpg,094376975192,159,Very Good,Semi-Opaque,1,PY3
Basics Acrylic Color Transparent Yellow,https://www.liquitex.com/en-row/products/basics-acrylic-color-transparent-yellow,https://www.liquitex.com/cdn/shop/files/140875.jpg,887452030799,45,Excellent,Transparent,1,PY128
Basics Acrylic Color Primary Yellow,https://www.liquitex.com/en-row/products/basics-acrylic-color-primary-yellow,https://www.liquitex.com/cdn/shop/files/140861_406e6235-ad98-4bdf-9369-546100e5a6b8.jpg,094376975437,410,Excellent,Semi-Opaque,1,PY74
Basics Acrylic Color Cadmium Yellow Medium Hue,https://www.liquitex.com/en-row/products/basics-acrylic-color-cadmium-yellow-medium-hue,https://www.liquitex.com/cdn/shop/files/140825.jpg,094376975208,830,Excellent,Semi-Opaque,1,"PY74,PY83"
Basics Acrylic Color Cadmium Yellow Deep Hue,https://www.liquitex.com/en-row/products/basics-acrylic-color-cadmium-yellow-deep-hue,https://www.liquitex.com/cdn/shop/files/140823.jpg,094376975185,163,Excellent,Semi-Opaque,1,"PW6,PY83"
Basics Acrylic Color Vivid Red Orange,https://www.liquitex.com/en-row/products/basics-acrylic-color-vivid-red-orange,https://www.liquitex.com/cdn/shop/files/140879.jpg,887452030942,620,Excellent,Semi-Opaque,1,"PO73,PY139"
Basics Acrylic Color Cadmium Orange Hue,https://www.liquitex.com/en-row/products/basics-acrylic-color-cadmium-orange-hue,https://www.liquitex.com/cdn/shop/files/140819.jpg,094376975147,720,Excellent,Semi-Opaque,1,PO73
Basics Acrylic Color Cadmium Red Light Hue,https://www.liquitex.com/en-row/products/basics-acrylic-color-cadmium-red-light-hue,https://www.liquitex.com/cdn/shop/files/140821.jpg,094376975161,510,Excellent,Semi-Opaque,1,"PR9,PY74"
Basics Acrylic Color Cadmium Red Medium Hue,https://www.liquitex.com/en-row/products/basics-acrylic-color-cadmium-red-medium-hue,https://www.liquitex.com/cdn/shop/files/140822.jpg,094376975178,151,Very Good,Semi-Opaque,1,"PR170,PR9"
Basics Acrylic Color Pyrrole Red,https://www.liquitex.com/en-row/products/basics-acrylic-color-pyrrole-red,https://www.liquitex.com/cdn/shop/files/140865.jpg,887452030782,321,Excellent,Opaque,1,PR254
Basics Acrylic Color Naphthol Crimson,https://www.liquitex.com/en-row/products/basics-acrylic-color-naphthol-crimson,https://www.liquitex.com/cdn/shop/files/140852.jpg,094376975369,292,Very Good,Semi-Opaque,1,PR170
Basics Acrylic Color Transparent Red,https://www.liquitex.com/en-row/products/basics-acrylic-color-transparent-red,https://www.liquitex.com/cdn/shop/files/140874.jpg,887452030775,47,Excellent,Transparent,1,PR209
Basics Acrylic Color Cadmium Red Deep Hue,https://www.liquitex.com/en-row/products/basics-acrylic-color-cadmium-red-deep-hue,https://www.liquitex.com/cdn/shop/files/140820.jpg,094376975154,311,Very Good,Opaque,1,"PR170,PV19"
Basics Acrylic Color Alizarin Crimson Hue Permanent,https://www.liquitex.com/en-row/products/basics-acrylic-color-alizarin-crimson-hue-permanent,https://www.liquitex.com/cdn/shop/files/140809.jpg,094376975062,116,Excellent,Semi-Opaque,1,"DPP,PR179,PR202"
Basics Acrylic Color Primary Red,https://www.liquitex.com/en-row/products/basics-acrylic-color-primary-red,https://www.liquitex.com/cdn/shop/files/140860_e4023c84-42a3-4bd7-aaac-c23c27334004.jpg,094376975420,415,Excellent,Semi-Opaque,1,PV19
Basics Acrylic Color Light Pink,https://www.liquitex.com/en-row/products/basics-acrylic-color-light-pink,https://www.liquitex.com/cdn/shop/files/140848.jpg,094376975338,810,Excellent,Opaque,1,"PO36,PR188,PW6"
Basics Acrylic Color Rose Pink,https://www.liquitex.com/en-row/products/basics-acrylic-color-rose-pink,https://www.liquitex.com/cdn/shop/files/140870.jpg,887452030959,48,Excellent,Opaque,1,"PR122,PR188,PW6"
Basics Acrylic Color Medium Magenta,https://www.liquitex.com/en-row/products/basics-acrylic-color-medium-magenta,https://www.liquitex.com/cdn/shop/files/140851_b597a6d2-06c3-4c32-8e18-89990cb20b42.jpg,094376975352,500,Excellent,Semi-Opaque,1,"PR122,PW6"
Basics Acrylic Color Quinacridone Magenta,https://www.liquitex.com/en-row/products/basics-acrylic-color-quinacridone-magenta,https://www.liquitex.com/cdn/shop/files/140866_c7594e81-23ae-4ee9-a063-87f5e3bd3813.jpg,094376975451,114,Excellent,Semi-Opaque,1,PR122
Basics Acrylic Color Brilliant Purple,https://www.liquitex.com/en-row/products/basics-acrylic-color-brilliant-purple,https://www.liquitex.com/cdn/shop/files/140813_06c34071-00d2-4d71-8225-bc30b92da483.jpg,094376975086,590,Very Good,Opaque,1,"PV23RS,PW6"
Basics Acrylic Color Deep Violet,https://www.liquitex.com/en-row/products/basics-acrylic-color-deep-violet,https://www.liquitex.com/cdn/shop/files/140829.jpg,094376975253,115,Very Good,Opaque,1,"PR122,PV23RS"
Basics Acrylic Color Prism Violet,https://www.liquitex.com/en-row/products/basics-acrylic-color-prism-violet,https://www.liquitex.com/cdn/shop/files/140862_2c43a020-675a-4144-a052-8a705eeb4676.jpg,094376975444,391,Very Good,Transparent,1,"PR122,PV23RS"
Basics Acrylic Color Purple Gray,https://www.liquitex.com/en-row/products/basics-acrylic-color-purple-gray,https://www.liquitex.com/cdn/shop/files/140864.jpg,887452030973,263,Very Good,Opaque,1,"PR188,PV23RS,PW6"
Basics Acrylic Color Dioxazine Purple,https://www.liquitex.com/en-row/products/basics-acrylic-color-dioxazine-purple,https://www.liquitex.com/cdn/shop/files/140830.jpg,094376975260,186,Very Good,Semi-Opaque,1,PV23RS
Basics Acrylic Color Light Blue Violet,https://www.liquitex.com/en-row/products/basics-acrylic-color-light-blue-violet,https://www.liquitex.com/cdn/shop/files/140845.jpg,094376975314,680,Very Good,Opaque,1,"PB29,PV23RS,PW6"
Basics Acrylic Color Prussian Blue Hue,https://www.liquitex.com/en-row/products/basics-acrylic-color-prussian-blue-hue,https://www.liquitex.com/cdn/shop/files/140863.jpg,887452030836,320,Very Good,Opaque,1,"PB15:3,PBK7,PV23RS"
Basics Acrylic Color Ultramarine Blue,https://www.liquitex.com/en-row/products/basics-acrylic-color-ultramarine-blue,https://www.liquitex.com/cdn/shop/files/140877.jpg,094376922493,380,Excellent,Semi-Opaque,1,PB29
Basics Acrylic Color Cobalt Blue Hue,https://www.liquitex.com/en-row/products/basics-acrylic-color-cobalt-blue-hue,https://www.liquitex.com/cdn/shop/files/140827.jpg,094376975222,381,Excellent,Opaque,1,"PB15:3,PB29,PW6"
Basics Acrylic Color Phthalocyanine Blue,https://www.liquitex.com/en-row/products/basics-acrylic-color-phthalocyanine-blue,https://www.liquitex.com/cdn/shop/files/140857_c7d28f84-9b54-4bdb-9f01-2053a1f60182.jpg,094376975390,316,Excellent,Opaque,1,PB15:3
Basics Acrylic Color Primary Blue,https://www.liquitex.com/en-row/products/basics-acrylic-color-primary-blue,https://www.liquitex.com/cdn/shop/files/140859_9c03bb94-0568-40df-af67-26aabbc0ae15.jpg,094376975413,420,Excellent,Semi-Opaque,1,PB15:3
Basics Acrylic Color Cerulean Blue Hue,https://www.liquitex.com/en-row/products/basics-acrylic-color-cerulean-blue-hue,https://www.liquitex.com/cdn/shop/files/140826.jpg,094376975215,470,Excellent,Opaque,1,"PB15:3,PB29,PG7,PW6"
Basics Acrylic Color Brilliant Blue,https://www.liquitex.com/en-row/products/basics-acrylic-color-brilliant-blue,https://www.liquitex.com/cdn/shop/files/140812.jpg,887452030829,570,Excellent,Opaque,1,"PB15:3,PG7,PW6"
Basics Acrylic Color Light Blue Permanent,https://www.liquitex.com/en-row/products/basics-acrylic-color-light-blue-permanent,https://www.liquitex.com/cdn/shop/files/140844_76b31bb6-ca25-4fe3-ae15-ed69756f9505.jpg,094376975307,770,Excellent,Opaque,1,"PB15:3,PG7,PW6"
Basics Acrylic Color Turquoise Blue,https://www.liquitex.com/en-row/products/basics-acrylic-color-turquoise-blue,https://www.liquitex.com/cdn/shop/files/140876.jpg,887452030911,46,Excellent,Opaque,1,"PB15:3,PG7,PW6"
Basics Acrylic Color Bright Aqua Green,https://www.liquitex.com/en-row/products/basics-acrylic-color-bright-aqua-green,https://www.liquitex.com/cdn/shop/files/140811_4794bd56-15f4-4352-a8be-00beba0b7adb.jpg,094376975079,660,Excellent,Opaque,1,"PG7,PW6"
Basics Acrylic Color Blue Gray,https://www.liquitex.com/en-row/products/basics-acrylic-color-blue-gray,https://www.liquitex.com/cdn/shop/files/140810.jpg,887452030980,142,Excellent,Opaque,1,"PB15:3,PB29,PBK7,PW6"
Basics Acrylic Color Phthalocyanine Green,https://www.liquitex.com/en-row/products/basics-acrylic-color-phthalocyanine-green,https://www.liquitex.com/cdn/shop/files/140858_57cfe388-2864-4229-9a9e-f96e78976a62.jpg,094376975406,317,Excellent,Semi-Opaque,1,PG7
Basics Acrylic Color Hooker's Green Hue Permanent,https://www.liquitex.com/en-row/products/basics-acrylic-color-hooker-s-green-hue-permanent,https://www.liquitex.com/cdn/shop/files/140840_c0bd924d-f644-4b0f-9713-e602cc9f740e.jpg,094376975284,224,Excellent,Semi-Opaque,1,"PBk9,PG7,PY74"
Basics Acrylic Color Green Deep Permanent,https://www.liquitex.com/en-row/products/basics-acrylic-color-green-deep-permanent,https://www.liquitex.com/cdn/shop/files/140838.jpg,094376975246,350,Excellent,Semi-Opaque,1,"PBK7,PG36"
Basics Acrylic Color Light Green Permanent,https://www.liquitex.com/en-row/products/basics-acrylic-color-light-green-permanent,https://www.liquitex.com/cdn/shop/files/140846.jpg,094376975321,312,Excellent,Opaque,1,"PG7,PW6,PY74"
Basics Acrylic Color Light Olive Green,https://www.liquitex.com/en-row/products/basics-acrylic-color-light-olive-green,https://www.liquitex.com/cdn/shop/files/140847.jpg,887452030812,218,Excellent,Semi-Opaque,1,"PG7,PW6,PY42,PY74"
Basics Acrylic Color Lime Green,https://www.liquitex.com/en-row/products/basics-acrylic-color-lime-green,https://www.liquitex.com/cdn/shop/files/140849.jpg,887452030805,222,Excellent,Semi-Opaque,1,"PG7,PW6,PY74"
Basics Acrylic Color Brilliant Yellow Green,https://www.liquitex.com/en-row/products/basics-acrylic-color-brilliant-yellow-green,https://www.liquitex.com/cdn/shop/files/140814.jpg,094376975093,840,Very Good,Semi-Opaque,1,"PG7,PW6,PY3,PY74"
Basics Acrylic Color Green Gray,https://www.liquitex.com/en-row/products/basics-acrylic-color-green-gray,https://www.liquitex.com/cdn/shop/files/140839.jpg,887452030966,205,Excellent,Opaque,1,"PB29,PW6,PY42"
Basics Acrylic Color Bronze Yellow,https://www.liquitex.com/en-row/products/basics-acrylic-color-bronze-yellow,https://www.liquitex.com/cdn/shop/files/140816.jpg,094376975116,530,Excellent,Opaque,1,"PBk11,PR101,PY42"
Basics Acrylic Color Yellow Oxide,https://www.liquitex.com/en-row/products/basics-acrylic-color-yellow-oxide,https://www.liquitex.com/cdn/shop/files/140880.jpg,094376975536,416,Excellent,Opaque,1,PY42
Basics Acrylic Color Naples Yellow Hue,https://www.liquitex.com/en-row/products/basics-acrylic-color-naples-yellow-hue,https://www.liquitex.com/cdn/shop/files/140853.jpg,094376975376,601,Excellent,Opaque,1,"PW6,PY42,PY83"
Basics Acrylic Color Raw Sienna,https://www.liquitex.com/en-row/products/basics-acrylic-color-raw-sienna,https://www.liquitex.com/cdn/shop/files/140867.jpg,094376975468,330,Excellent,Opaque,1,"PBk9,PR101,PY42"
Basics Acrylic Color Red Oxide,https://www.liquitex.com/en-row/products/basics-acrylic-color-red-oxide,https://www.liquitex.com/cdn/shop/files/140869.jpg,094376975482,335,Excellent,Opaque,1,"PR101,PY42"
Basics Acrylic Color Burnt Sienna,https://www.liquitex.com/en-row/products/basics-acrylic-color-burnt-sienna,https://www.liquitex.com/cdn/shop/files/140817.jpg,094376975123,127,Excellent,Opaque,1,"PBk9,PR101"
Basics Acrylic Color Raw Umber,https://www.liquitex.com/en-row/products/basics-acrylic-color-raw-umber,https://www.liquitex.com/cdn/shop/files/140868.jpg,094376975475,331,Excellent,Opaque,1,"PB29,PO73,PY139"
Basics Acrylic Color Burnt Umber,https://www.liquitex.com/en-row/products/basics-acrylic-color-burnt-umber,https://www.liquitex.com/cdn/shop/files/140818.jpg,094376975130,128,Excellent,Opaque,1,"PB29,PBk9,PR101"
Basics Acrylic Color Unbleached Titanium,https://www.liquitex.com/en-row/products/basics-acrylic-color-unbleached-titanium,https://www.liquitex.com/cdn/shop/files/140878_49277ef6-917e-480a-b43c-0e3c9e86abf6.jpg,094376975529,434,Excellent,Opaque,1,"PBk11,PR101,PW6,PY42"
Basics Acrylic Color Parchment,https://www.liquitex.com/en-row/products/basics-acrylic-color-parchment,https://www.liquitex.com/cdn/shop/files/140855.jpg,887452030751,436,Excellent,Opaque,1,"PBK7,PG7,PW6,PY42"
Basics Acrylic Color Transparent Mixing White,https://www.liquitex.com/en-row/products/basics-acrylic-color-transparent-mixing-white,https://www.liquitex.com/cdn/shop/files/140873.jpg,887452030768,430,Excellent,Transparent,1,PW6
Basics Acrylic Color Titanium White,https://www.liquitex.com/en-row/products/basics-acrylic-color-titanium-white,https://www.liquitex.com/cdn/shop/files/140872.jpg,094376975505,432,Excellent,Opaque,1,PW6
Basics Acrylic Color Neutral Gray 5,https://www.liquitex.com/en-row/products/basics-acrylic-color-neutral-gray-5,https://www.liquitex.com/cdn/shop/files/140854.jpg,094376975383,599,Excellent,Opaque,1,"PBk9,PW6,PY42"
Basics Acrylic Color Payne's Gray,https://www.liquitex.com/en-row/products/basics-acrylic-color-payne-s-gray,https://www.liquitex.com/cdn/shop/files/140856.jpg,887452030843,310,Excellent,Opaque,1,"PB29,PBk9,PR122"
Basics Acrylic Color Ivory Black,https://www.liquitex.com/en-row/products/basics-acrylic-color-ivory-black,https://www.liquitex.com/cdn/shop/files/140843_f487c35a-04a0-48ff-a5a5-c514f15968be.jpg,094376975291,244,Excellent,Opaque,1,PBk9
Basics Acrylic Color Mars Black,https://www.liquitex.com/en-row/products/basics-acrylic-color-mars-black,https://www.liquitex.com/cdn/shop/files/140850.jpg,094376975345,276,Excellent,Opaque,1,PBk11
Basics Acrylic Color Iridescent White,https://www.liquitex.com/en-row/products/basics-acrylic-color-iridescent-white,https://www.liquitex.com/cdn/shop/files/140842.jpg,887452031277,238,Not ASTM rated,Semi-Opaque,1,
Basics Acrylic Color Iridescent Graphite,https://www.liquitex.com/en-row/products/basics-acrylic-color-iridescent-graphite,https://www.liquitex.com/cdn/shop/files/140841.jpg,887452030935,49,Not ASTM rated,Opaque,1,"Mica,PBK7"
Basics Acrylic Color Silver,https://www.liquitex.com/en-row/products/basics-acrylic-color-silver,https://www.liquitex.com/cdn/shop/files/140871_ebc74398-1977-4a7f-af9a-f6c8d480468a.jpg,094376975499,52,Not ASTM rated,Opaque,1,
Basics Acrylic Color Gold,https://www.liquitex.com/en-row/products/basics-acrylic-color-gold,https://www.liquitex.com/cdn/shop/files/140837_784bcb0b-92b4-4d0e-aa18-8f90c389e088.jpg,094376975277,51,Not ASTM rated,Semi-Opaque,1,
Basics Acrylic Color Bronze,https://www.liquitex.com/en-row/products/basics-acrylic-color-bronze,https://www.liquitex.com/cdn/shop/files/140815.jpg,094376975109,54,Not ASTM rated,Opaque,1,
Basics Acrylic Color Copper,https://www.liquitex.com/en-row/products/basics-acrylic-color-copper,https://www.liquitex.com/cdn/shop/files/140828.jpg,094376975239,53,Not ASTM rated,Opaque,1,
Basics Acrylic Color Metallic Yellow Gold,https://www.liquitex.com/en-row/products/basics-acrylic-color-metallic-yellow-gold,https://www.liquitex.com/cdn/shop/files/887452064480-LQX_BASICS_ACRYLIC_METALLIC_YELLOW_GOLD_SWATCH_2.jpg,887452064565,343,Not ASTM rated,Opaque,2,
Basics Acrylic Color Metallic Burnt Orange,https://www.liquitex.com/en-row/products/basics-acrylic-color-metallic-burnt-orange,https://www.liquitex.com/cdn/shop/files/887452064497-LQX_BASICS_ACRYLIC_METALLIC_BURNT_ORANGE_SWATCH_1.jpg,887452064572,344,Not ASTM rated,Opaque,2,
Basics Acrylic Color Metallic Red,https://www.liquitex.com/en-row/products/basics-acrylic-color-metallic-red,https://www.liquitex.com/cdn/shop/files/887452064503-LQX_BASICS_ACRYLIC_METALLIC_RED_SWATCH_1.jpg,887452064589,345,Not ASTM rated,Opaque,2,
Basics Acrylic Color Metallic Magenta,https://www.liquitex.com/en-row/products/basics-acrylic-color-metallic-magenta,https://www.liquitex.com/cdn/shop/files/887452064510-LQX_BASICS_ACRYLIC_METALLIC_MAGENTA_SWATCH_2.jpg,887452064596,342,Not ASTM rated,Opaque,2,
Basics Acrylic Color Metallic Purple,https://www.liquitex.com/en-row/products/basics-acrylic-color-metallic-purple,https://www.liquitex.com/cdn/shop/files/887452064527-LQX_BASICS_ACRYLIC_METALLIC_PURPLE_SWATCH_1.jpg,887452064602,340,Not ASTM rated,Opaque,2,
Basics Acrylic Color Metallic Blue,https://www.liquitex.com/en-row/products/basics-acrylic-color-metallic-blue,https://www.liquitex.com/cdn/shop/files/887452064534-LQX_BASICS_ACRYLIC_METALLIC_BLUE_SWATCH_1.jpg,887452064619,341,Not ASTM rated,Opaque,2,
Basics Acrylic Color Metallic Aqua Green,https://www.liquitex.com/en-row/products/basics-acrylic-color-metallic-aqua-green,https://www.liquitex.com/cdn/shop/files/887452064541-LQX_BASICS_ACRYLIC_METALLIC_AQUA_GREEN_SWATCH_1.jpg,887452064626,346,Not ASTM rated,Opaque,2,
Basics Acrylic Color Metallic Green,https://www.liquitex.com/en-row/products/basics-acrylic-color-metallic-green,https://www.liquitex.com/cdn/shop/files/887452064558-LQX_BASICS_ACRYLIC_METALLIC_GREEN_SWATCH_2.jpg,887452064633,339,Not ASTM rated,Opaque,2,
Basics Acrylic Color Fluorescent Yellow,https://www.liquitex.com/en-row/products/basics-acrylic-color-fluorescent-yellow,https://www.liquitex.com/cdn/shop/files/140836.jpg,887452030904,981,Not ASTM rated,Transparent,1,
Basics Acrylic Color Fluorescent Orange,https://www.liquitex.com/en-row/products/basics-acrylic-color-fluorescent-orange,https://www.liquitex.com/cdn/shop/files/140833.jpg,887452030874,982,Not ASTM rated,Transparent,1,
Basics Acrylic Color Fluorescent Red,https://www.liquitex.com/en-row/products/basics-acrylic-color-fluorescent-red,https://www.liquitex.com/cdn/shop/files/140835.jpg,887452030898,983,Not ASTM rated,Transparent,1,
Basics Acrylic Color Fluorescent Pink,https://www.liquitex.com/en-row/products/basics-acrylic-color-fluorescent-pink,https://www.liquitex.com/cdn/shop/files/887452031239-LQXBASICSACRYLICFLUORESCENTPINK_SWATCH_ForPresentations.jpg,887452030881,987,Not ASTM rated,Transparent,1,
Basics Acrylic Color Fluorescent Blue,https://www.liquitex.com/en-row/products/basics-acrylic-color-fluorescent-blue,https://www.liquitex.com/cdn/shop/files/140831.jpg,887452030850,984,Not ASTM rated,Semi-Opaque,1,
Basics Acrylic Color Fluorescent Green,https://www.liquitex.com/en-row/products/basics-acrylic-color-fluorescent-green,https://www.liquitex.com/cdn/shop/files/140832.jpg,887452030867,985,Not ASTM rated,Transparent,1,
